0000000000,Gaspar,Sagardia,Cundins,G,v69026i8v,ivcundins21@yopmail.com
0000000001,Lucius,Freixinet,Alarte,G,a38258g6a,gaalarte0@yopmail.com
0000000002,Medoro,Torrescana,Santanach,G,t306106g6t,gtmedoro19@yopmail.com
0000000003,Cesar Marino,Johnsen,Leyva,G,r02846i8r,ircesarmarino17@yopmail.com
0000000004,Justiniano,Velasco,Olego,G,d62418f5d,fdolego3@yopmail.com
0000000005,Jesús,Díaz,Ufano,G,v20576f5v,fvdiazufano21@yopmail.com
0000000006,Paulo,Usurelu,Brook,G,l50597j9l,jlbrook11@yopmail.com
0000000007,Gaspar,Sagardia,Cundins,G,v69026i8v,ivcundins21@yopmail.com
0000000008,Víctor,Mooney,Clerencia,G,b85223b1b,bbclerencia1@yopmail.com
0000000009,Dalmiro,Bouya,Makazaga,G,c09884j9c,jcdalmiro2@yopmail.com
0000000010,Domingo,Bercero,Capra,G,g39726b1g,bgdomingomarc6@yopmail.com
0000000011,Ruperto,Hanckock,Boussouf,G,a19035a0a,aaboussouf0@yopmail.com
0000000012,Hernando Baldovino,Redaño,Montanez,G,n62792f5n,fnhernandobaldovino13@yopmail.com
0000000013,Gonzalo,Fauste,Zaraboso,G,b215107j9b,jbzarabozo1@yopmail.com
0000000014,Fernan,Fernández,Abas,G,l00880e4l,elfernani11@yopmail.com
0000000015,Dimitri,Vialas,Suarez,G,s652118d3s,dssuarez18@yopmail.com 
0000000016,Leonel,Hazas,Timar,G,j25619c2j,cjtimar9@yopmail.com
0000000017,Gustavo,Benito,Fontdecaba,G,p418115a0p,apfontdecaba15@yopmail.com
0000000018,Lucius,Villajos,Marcello,G,t30401f5t,ftluciusc19@yopmail.com
0000000019,Andoni,Reizabal,Valkov,G,s07192f5s,fsandoni18@yopmail.com
0000000020,Eduardo,Gutiérrez,Aldana,G,b85479b1b,bbaldana1@yopmail.com
0000000021,Saúl,Erasmo,Granados,G,j38712g6j,gjsaulerasmo9@yopmail.com
0000000022,Jaume,Limorti,Corbato,G,s24850b1s,bscorbato18@yopmail.com
0000000023,Nolasco,Porron,Ibrahimi,G,e05931d3e,deelibrahimi4@yopmail.com
0000000024,Gilberto,Griso,Zaforas,G,x08097a0x,axgilberto23@yopmail.com
0000000025,Franco,Mandano,Pritchard,G,s71906j9s,jsfranco18@yopmail.com
0000000026,Ramón,Xufre,Knowles,G,f82646c2f,cframon5@yopmail.com 
0000000027,Inocencio,Ezcurdia,Alijas,G,f52564b1f,bfinocenciof5@yopmail.com
0000000028,Javier,Berrizbeitia,Archuleta,G,h88162a0h,ahjavierferninando7@yopmail.com
0000000029,Oscar,Viscarra,Villavieja,G,n56979j9n,jnoscar13@yopmail.com
